{
    "每轮的总能耗": [
        217.99040000000008,
        223.23080000000013,
        186.33630000000002,
        240.89070000000012,
        193.44700000000003,
        133.52210000000002,
        179.81890000000004,
        146.429,
        80.6814,
        125.30639999999998,
        49.4706,
        77.21430000000001,
        89.0493,
        80.38589999999999,
        64.5544,
        41.75999999999999,
        50.7653,
        28.899399999999996,
        32.9047,
        22.545199999999998,
        22.6202,
        22.5452,
        22.5452,
        22.5452,
        22.5452,
        22.5452,
        22.5452,
        22.5452,
        22.5452
    ],
    "每轮存活的sink数": [
        19,
        19,
        18,
        18,
        17,
        16,
        15,
        14,
        13,
        12,
        11,
        10,
        9,
        9,
        8,
        7,
        7,
        5,
        5,
        4,
        4,
        4,
        4,
        4,
        4,
        4,
        4,
        4,
        4
    ],
    "每轮存活的sink的平均能量": [
        89.01876842105264,
        78.30081052631577,
        71.45483333333331,
        57.54634999999999,
        48.6302588235294,
        44.213762499999994,
        38.07429999999999,
        34.26134285714284,
        33.09630769230768,
        26.89682499999999,
        26.90704545454544,
        25.604139999999983,
        23.011599999999994,
        18.34096666666666,
        16.892124999999993,
        17.072928571428566,
        14.85571428571428,
        18.28275999999999,
        16.75077999999999,
        20.121849999999995,
        19.466799999999996,
        18.891699999999997,
        18.316599999999998,
        17.7415,
        17.166400000000003,
        16.591300000000004,
        16.016200000000005,
        15.441100000000008,
        14.866000000000009
    ],
    "每轮活跃的sink数": [
        19,
        19,
        15,
        18,
        14,
        10,
        13,
        11,
        8,
        10,
        5,
        5,
        6,
        5,
        5,
        4,
        2,
        3,
        2,
        2,
        0,
        1,
        1,
        1,
        1,
        1,
        1,
        1,
        1
    ],
    "每轮发送成功的数据": [
        51,
        51,
        45,
        54,
        39,
        36,
        39,
        36,
        27,
        30,
        18,
        21,
        21,
        21,
        18,
        15,
        15,
        9,
        9,
        6,
        6,
        6,
        6,
        6,
        6,
        6,
        6,
        6,
        6
    ],
    "每轮发送失败的数据": [
        6,
        6,
        0,
        0,
        3,
        0,
        0,
        0,
        0,
        0,
        0,
        0,
        0,
        0,
        3,
        0,
        0,
        0,
        0,
        0,
        0,
        0,
        0,
        0,
        0,
        0,
        0,
        0,
        0
    ],
    "每轮的能效": [
        0.23395525674525108,
        0.22846309738620285,
        0.2414988383905873,
        0.2241680563010526,
        0.20160560773751982,
        0.2696182879088929,
        0.21688487695119918,
        0.2458529389670079,
        0.33464962184592734,
        0.2394131504855299,
        0.3638524699518502,
        0.2719703474615453,
        0.23582442534640924,
        0.26123984430105285,
        0.2788345953180573,
        0.35919540229885066,
        0.29547742257014137,
        0.3114251506951702,
        0.2735171571234505,
        0.266132036974611,
        0.26524964412339413,
        0.26613203697461096,
        0.26613203697461096,
        0.26613203697461096,
        0.26613203697461096,
        0.26613203697461096,
        0.26613203697461096,
        0.26613203697461096,
        0.26613203697461096
    ],
    "所有节点的存活周期": [
        3,
        5,
        6,
        7,
        8,
        9,
        10,
        11,
        12,
        13,
        15,
        16,
        18,
        18,
        20
    ],
    "每轮聚类后的各簇间的能量标准差": [
        150.0,
        107.75370000000004,
        57.52770000000004,
        22.173699999999997,
        20.442049999999995,
        49.27283614005792,
        54.66889999999998,
        35.777649999999994,
        18.30739999999996,
        76.19109999999993,
        26.550649999999976,
        52.83227609944508,
        33.67780000000002,
        25.00237805724886,
        33.35849505685769,
        25.643407671807182,
        25.025428283807646,
        25.77279642103278,
        26.894304983629905,
        26.813558574942558,
        13.062300000000025,
        25.638613775882842,
        24.557295918502295,
        23.476264146343425,
        22.39555988737254,
        21.315232957415454,
        20.235343791220593,
        19.15596642377747,
        18.077192532826828
    ]
}