{
    "每轮的总能耗": [
        172.1183400000001,
        214.0891800000001,
        202.42398000000017,
        312.2063400000002,
        323.6399400000001,
        261.3572400000002,
        229.01628000000017,
        21.7605,
        74.42171999999998,
        95.38872000000002,
        107.05392000000008,
        67.01993999999999,
        71.48579999999998,
        72.43859999999998,
        63.57533999999998,
        43.00445999999998,
        10.80774,
        20.71116,
        3.3643799999999997,
        3
    ],
    "每轮的有效能耗": [
        172.11834,
        214.08917999999997,
        202.42398,
        312.20633999999995,
        323.63993999999997,
        252.35724000000005,
        211.01628,
        9.7605,
        71.42172,
        89.38871999999998,
        97.90391999999999,
        67.01994,
        71.48579999999998,
        72.43860000000001,
        57.42534,
        34.00446,
        10.807739999999999,
        20.71116,
        3.3643799999999997,
        0
    ],
    "每轮存活的sink数": [
        24,
        24,
        24,
        24,
        24,
        24,
        24,
        22,
        21,
        19,
        17,
        14,
        13,
        13,
        12,
        11,
        7,
        5,
        2,
        1
    ],
    "每轮存活的sink的平均能量": [
        92.8284025,
        83.90801999999998,
        75.47368749999997,
        62.46508999999997,
        48.980092499999955,
        38.09020749999996,
        28.547862499999965,
        27.50374666666663,
        24.30796249999997,
        20.173984166666635,
        15.700110833333307,
        12.809975833333313,
        9.79794666666665,
        6.7796716666666486,
        4.040529999999988,
        2.171173333333325,
        1.5351916666666614,
        0.531228333333328,
        0.1645558333333267,
        6.41666666659028e-05
    ],
    "每轮活跃的sink数": [
        23,
        23,
        23,
        24,
        24,
        21,
        18,
        2,
        10,
        15,
        12,
        10,
        9,
        11,
        8,
        5,
        0,
        2,
        0,
        0
    ],
    "每轮发送成功的数据": [
        72,
        72,
        72,
        72,
        72,
        63,
        54,
        6,
        27,
        45,
        42,
        33,
        39,
        39,
        30,
        18,
        9,
        15,
        3,
        0
    ],
    "每轮发送失败的数据": [
        0,
        0,
        0,
        0,
        0,
        0,
        0,
        0,
        0,
        0,
        3,
        0,
        0,
        0,
        3,
        0,
        0,
        0,
        0,
        3
    ],
    "每轮的丢包率": [
        0.0,
        0.0,
        0.0,
        0.0,
        0.0,
        0.0,
        0.0,
        0.0,
        0.0,
        0.0,
        0.06666666666666667,
        0.0,
        0.0,
        0.0,
        0.09090909090909091,
        0.0,
        0.0,
        0.0,
        0.0,
        1.0
    ],
    "所有节点的存活周期": [
        8,
        8,
        9,
        10,
        10,
        11,
        11,
        12,
        12,
        12,
        13,
        15,
        16,
        17,
        17,
        17,
        17,
        18,
        18,
        19,
        19,
        19,
        20,
        21
    ],
    "每轮聚类后的各簇间的能量标准差": [
        152.75252316519467,
        212.33952100346517,
        211.7540859649794,
        177.46964999999994,
        124.01622000000003,
        69.13358999999997,
        61.68518999999998,
        12.449670000000026,
        4.460700000000003,
        74.77317275981513,
        107.69055797824878,
        51.012612922922486,
        46.69880580808226,
        18.680865694043366,
        22.53518557990492,
        17.671179999999858,
        9.566880547560292,
        2.810640352367312,
        1.904155212607455,
        0.0,
        0.0
    ]
}