{
    "每轮的总能耗": [
        179.99040000000002,
        185.23080000000007,
        156.33630000000002,
        204.89070000000007,
        170.95470000000003,
        115.82909999999998,
        168.70110000000003,
        83.25569999999999,
        113.92350000000002,
        86.01750000000001,
        82.68270000000001,
        88.54950000000001,
        32.3493,
        33.9951,
        26.4252,
        32.358599999999996,
        32.358599999999996,
        32.358599999999996,
        23.9991,
        23.9991,
        24.074099999999998,
        17.620200000000004,
        17.620200000000004,
        17.620200000000004,
        17.620200000000004,
        17.620200000000004,
        17.620200000000004,
        17.620200000000004,
        12.238199999999999
    ],
    "每轮存活的sink数": [
        19,
        19,
        18,
        18,
        17,
        16,
        16,
        15,
        15,
        14,
        13,
        12,
        9,
        8,
        7,
        7,
        7,
        7,
        6,
        6,
        6,
        5,
        5,
        5,
        5,
        5,
        5,
        5,
        4
    ],
    "每轮存活的sink的平均能量": [
        89.01876842105264,
        78.30081052631577,
        71.45483333333331,
        57.54634999999999,
        48.6793,
        43.07845,
        35.048293749999985,
        32.984899999999996,
        25.69479999999999,
        21.870207142857133,
        19.13276153846153,
        15.283099999999992,
        17.852066666666655,
        17.835549999999984,
        18.58972857142856,
        17.002042857142843,
        15.41435714285713,
        13.826671428571416,
        15.104049999999992,
        14.14499999999999,
        13.132649999999993,
        15.095739999999989,
        14.571699999999993,
        14.04765999999999,
        13.523619999999989,
        12.999579999999991,
        12.475539999999992,
        11.95149999999999,
        14.236899999999995
    ],
    "每轮活跃的sink数": [
        19,
        19,
        15,
        18,
        15,
        11,
        13,
        9,
        12,
        10,
        9,
        7,
        5,
        4,
        3,
        2,
        2,
        2,
        2,
        2,
        0,
        0,
        0,
        0,
        0,
        0,
        0,
        0,
        0
    ],
    "每轮发送成功的数据": [
        51,
        51,
        45,
        54,
        39,
        39,
        42,
        30,
        42,
        36,
        27,
        30,
        15,
        15,
        12,
        12,
        12,
        12,
        9,
        9,
        9,
        6,
        6,
        6,
        6,
        6,
        6,
        6,
        3
    ],
    "每轮发送失败的数据": [
        6,
        6,
        0,
        0,
        6,
        0,
        0,
        0,
        0,
        0,
        6,
        0,
        0,
        0,
        0,
        0,
        0,
        0,
        0,
        0,
        0,
        0,
        0,
        0,
        0,
        0,
        0,
        0,
        0
    ],
    "每轮的能效": [
        0.2833484452504133,
        0.2753321801773786,
        0.28784101964802794,
        0.2635551540406665,
        0.2281306100387997,
        0.3367029528848969,
        0.24896103226357144,
        0.3603356887276187,
        0.368668448564168,
        0.418519487313628,
        0.3265495684103204,
        0.33879355614656204,
        0.4636885496749543,
        0.4412400610676244,
        0.45411198401525815,
        0.3708442268824981,
        0.3708442268824981,
        0.3708442268824981,
        0.37501406302736356,
        0.37501406302736356,
        0.37384575124303715,
        0.3405182688051213,
        0.3405182688051213,
        0.3405182688051213,
        0.3405182688051213,
        0.3405182688051213,
        0.3405182688051213,
        0.3405182688051213,
        0.24513408834632547
    ],
    "所有节点的存活周期": [
        3,
        5,
        6,
        8,
        10,
        11,
        12,
        13,
        13,
        13,
        14,
        15,
        19,
        22,
        29
    ],
    "每轮聚类后的各簇间的能量标准差": [
        150.0,
        107.75370000000004,
        57.52770000000004,
        22.173699999999997,
        20.442049999999995,
        49.19202108921601,
        14.053999999999974,
        17.36635000000004,
        42.550512969080295,
        52.830370015692615,
        58.85991282135569,
        57.77394149273178,
        58.60337316969387,
        12.341199999999994,
        9.348299999999984,
        28.001183117461288,
        27.657115205791065,
        27.46384287109143,
        27.424554457682618,
        26.678333374002204,
        16.602920322280657,
        16.97321418970491,
        16.94852859946477,
        16.9498241823293,
        17.010220708499794,
        17.129093026394457,
        17.305236140454003,
        17.5369244299528,
        17.82199174227941
    ]
}