{
    "每轮的总能耗": [
        175.82190000000003,
        180.34770000000003,
        160.50480000000002,
        208.31370000000004,
        177.11040000000006,
        128.25959999999998,
        139.23930000000001,
        119.18639999999998,
        104.8053,
        99.141,
        98.5539,
        57.375299999999996,
        51.35370000000001,
        32.923199999999994,
        39.9285,
        25.115099999999995,
        29.625899999999998,
        23.999099999999995,
        17.5452,
        17.6202,
        17.5452,
        17.620200000000004,
        17.620200000000004,
        17.620200000000004,
        17.620200000000004,
        17.620200000000004,
        17.620200000000004,
        17.620200000000004,
        17.620200000000004
    ],
    "每轮存活的sink数": [
        19,
        19,
        18,
        18,
        17,
        16,
        16,
        16,
        15,
        14,
        13,
        11,
        10,
        9,
        8,
        7,
        7,
        6,
        5,
        5,
        5,
        5,
        5,
        5,
        5,
        5,
        5,
        5,
        5
    ],
    "每轮存活的sink的平均能量": [
        88.84325263157896,
        76.49550526315788,
        69.73449999999998,
        56.59379999999999,
        47.63828235294117,
        42.178449999999984,
        35.974356249999985,
        30.67329999999999,
        25.102099999999993,
        20.913314285714275,
        16.652869230769223,
        16.35225454545454,
        14.796249999999995,
        14.579999999999993,
        14.383299999999991,
        14.933542857142845,
        13.736242857142845,
        14.847099999999998,
        17.089119999999998,
        16.565079999999995,
        16.104999999999997,
        15.580959999999996,
        15.056919999999996,
        14.532879999999997,
        14.008839999999998,
        13.484799999999996,
        12.960759999999997,
        12.436719999999998,
        11.912679999999998
    ],
    "每轮活跃的sink数": [
        19,
        19,
        15,
        18,
        15,
        13,
        12,
        11,
        9,
        9,
        7,
        7,
        4,
        5,
        3,
        3,
        3,
        2,
        2,
        0,
        2,
        0,
        0,
        0,
        0,
        0,
        0,
        0,
        0
    ],
    "每轮发送成功的数据": [
        51,
        51,
        45,
        39,
        36,
        45,
        39,
        36,
        30,
        36,
        33,
        24,
        21,
        15,
        15,
        9,
        9,
        9,
        6,
        6,
        6,
        6,
        6,
        6,
        6,
        6,
        6,
        6,
        6
    ],
    "每轮发送失败的数据": [
        6,
        6,
        0,
        12,
        9,
        0,
        0,
        0,
        0,
        0,
        0,
        0,
        0,
        0,
        0,
        0,
        3,
        0,
        0,
        0,
        0,
        0,
        0,
        0,
        0,
        0,
        0,
        0,
        0
    ],
    "每轮的能效": [
        0.2900662545450822,
        0.2827870829514321,
        0.2803654470146687,
        0.18721764339071312,
        0.20326304948777704,
        0.35085093045666765,
        0.2800933357177176,
        0.30204788465798116,
        0.2862450658506774,
        0.3631191938753896,
        0.3348421523653554,
        0.4182984664132475,
        0.4089286653152547,
        0.45560577343636105,
        0.37567151282918215,
        0.3583501558823179,
        0.3037882393446275,
        0.3750140630273636,
        0.3419738731960878,
        0.34051826880512137,
        0.3419738731960878,
        0.3405182688051213,
        0.3405182688051213,
        0.3405182688051213,
        0.3405182688051213,
        0.3405182688051213,
        0.3405182688051213,
        0.3405182688051213,
        0.3405182688051213
    ],
    "所有节点的存活周期": [
        3,
        5,
        6,
        9,
        10,
        11,
        12,
        12,
        13,
        14,
        15,
        16,
        18,
        19
    ],
    "每轮聚类后的各簇间的能量标准差": [
        150.0,
        109.42110000000008,
        74.67810000000003,
        37.6567,
        29.014999999999958,
        47.94137745069493,
        6.853999999999957,
        9.95784999999998,
        11.684800000000052,
        58.54528254662364,
        57.53806355543776,
        57.02150708876779,
        27.461965848394755,
        33.57304999999999,
        32.55097118428266,
        30.86513249266233,
        30.07905825989902,
        29.66597620302423,
        29.16770848999969,
        18.26564751883225,
        29.15149927212149,
        15.633391432683451,
        15.360043902281022,
        15.148139169135607,
        15.000281414360215,
        14.918375090722867,
        14.903507600561706,
        14.95587887312212,
        15.074788142789956
    ]
}