{
    "每轮的总能耗": [
        172.1183400000001,
        214.0891800000001,
        202.42398000000017,
        312.2063400000002
    ],
    "每轮的有效能耗": [
        172.11834,
        214.08917999999997,
        202.42398,
        312.20633999999995
    ],
    "每轮存活的sink数": [
        24,
        24,
        24,
        24
    ],
    "每轮存活的sink的平均能量": [
        92.8284025,
        83.90801999999998,
        75.47368749999997,
        62.46508999999997
    ],
    "每轮剩余总能量": [
        2227.88166,
        2013.7924799999996,
        1811.3684999999994,
        1499.1621599999992
    ],
    "每轮活跃的sink数": [
        23,
        23,
        23,
        24
    ],
    "每轮发送成功的数据": [
        72,
        72,
        72,
        72
    ],
    "每轮发送失败的数据": [
        0,
        0,
        0,
        0
    ],
    "每轮的丢包率": [
        0.0,
        0.0,
        0.0,
        0.0
    ],
    "所有节点的存活周期": [],
    "每轮聚类后的各簇间的能量标准差": [
        152.75252316519467,
        212.33952100346517,
        211.7540859649794,
        177.46964999999994
    ]
}