{
    "每轮的总能耗": [
        174.24069540428124,
        249.03012475783802,
        264.55516705783816,
        273.3235407974517,
        211.17973995307426,
        351.7625025893107,
        177.42230440905865,
        81.65946000000001,
        124.66808203175437,
        86.03290792070044,
        49.161395828230475,
        72.12968724720457,
        68.94192341859032,
        52.70498939105565,
        43.5288699136327,
        15.959106520860201,
        24.64097452142989,
        13.483014521429896,
        13.483014521429896,
        13.483014521429896,
        10.118634521429895,
        0
    ],
    "每轮的有效能耗": [
        174.2406954042811,
        249.030124757838,
        264.555167057838,
        273.3235407974514,
        211.17973995307406,
        351.76250258931054,
        174.42230440905854,
        72.65946,
        106.66808203175432,
        80.0329079207004,
        43.1613958282305,
        63.129687247204565,
        65.94192341859033,
        52.70498939105566,
        43.52886991363271,
        15.959106520860203,
        21.640974521429893,
        13.483014521429894,
        13.483014521429894,
        13.483014521429894,
        10.118634521429895,
        0
    ],
    "每轮存活的sink数": [
        24,
        24,
        24,
        24,
        24,
        24,
        24,
        23,
        23,
        21,
        18,
        17,
        15,
        13,
        12,
        7,
        7,
        5,
        4,
        4,
        3,
        1
    ],
    "每轮存活的sink的平均能量": [
        92.73997102482161,
        82.36371582657836,
        71.3405838658351,
        59.95210299927461,
        51.15294716789652,
        36.49617622667525,
        29.10358020963116,
        25.58792865530299,
        20.393425237313235,
        16.765203556852324,
        14.634010974507065,
        11.599999634583464,
        8.657738030852112,
        6.2853384728914605,
        4.440611393156765,
        3.5371720497201173,
        2.5104647779938714,
        1.8224525804380356,
        1.1573911420451293,
        0.5955988703188835,
        0.15898901250667727,
        0.0478875111404489
    ],
    "每轮活跃的sink数": [
        23,
        24,
        24,
        24,
        24,
        24,
        23,
        7,
        17,
        16,
        9,
        13,
        11,
        10,
        4,
        3,
        0,
        0,
        0,
        0,
        0,
        0
    ],
    "每轮发送成功的数据": [
        72,
        72,
        72,
        72,
        72,
        72,
        69,
        21,
        51,
        45,
        27,
        39,
        33,
        33,
        27,
        12,
        18,
        12,
        12,
        12,
        9,
        0
    ],
    "每轮发送失败的数据": [
        0,
        0,
        0,
        0,
        0,
        0,
        0,
        0,
        0,
        0,
        0,
        0,
        0,
        0,
        0,
        0,
        0,
        0,
        0,
        0,
        0,
        0
    ],
    "每轮的丢包率": [
        0.0,
        0.0,
        0.0,
        0.0,
        0.0,
        0.0,
        0.0,
        0.0,
        0.0,
        0.0,
        0.0,
        0.0,
        0.0,
        0.0,
        0.0,
        0.0,
        0.0,
        0.0,
        0.0,
        0.0,
        0.0
    ],
    "所有节点的存活周期": [
        8,
        10,
        10,
        11,
        11,
        11,
        12,
        13,
        13,
        14,
        14,
        15,
        16,
        16,
        16,
        16,
        16,
        18,
        18,
        19,
        21,
        22,
        22,
        23
    ],
    "每轮聚类后的各簇间的能量标准差": [
        152.75252316519467,
        83.86791635405959,
        88.98635910043055,
        88.53139811459717,
        115.91495076398382,
        67.2029837367146,
        66.31471058186347,
        13.163450873944612,
        44.508790200677154,
        54.15817620905799,
        45.466141688229655,
        41.261983443943684,
        11.702435561905876,
        38.109599111917575,
        24.938666007628836,
        27.925205315888775,
        6.659900426238029,
        5.385218788532002,
        3.5603442328732475,
        1.8798596760914257,
        1.8730510166762282,
        0.25391837851790344,
        0.0
    ]
}