{
    "每轮的总能耗": [
        174.24069540428124,
        249.03012475783802,
        264.55516705783816,
        273.3235407974517
    ],
    "每轮的有效能耗": [
        174.2406954042811,
        249.030124757838,
        264.555167057838,
        273.3235407974514
    ],
    "每轮存活的sink数": [
        24,
        24,
        24,
        24
    ],
    "每轮存活的sink的平均能量": [
        92.73997102482161,
        82.36371582657836,
        71.3405838658351,
        59.95210299927461
    ],
    "每轮剩余总能量": [
        2225.7593045957187,
        1976.7291798378806,
        1712.1740127800424,
        1438.8504719825905
    ],
    "每轮活跃的sink数": [
        23,
        24,
        24,
        24
    ],
    "每轮发送成功的数据": [
        72,
        72,
        72,
        72
    ],
    "每轮发送失败的数据": [
        0,
        0,
        0,
        0
    ],
    "每轮的丢包率": [
        0.0,
        0.0,
        0.0,
        0.0
    ],
    "所有节点的存活周期": [],
    "每轮聚类后的各簇间的能量标准差": [
        152.75252316519467,
        83.86791635405959,
        88.98635910043055,
        88.53139811459717
    ]
}