{
    "每轮的总能耗": [
        828.0046199999991,
        537.6621599999997,
        0,
        363.1431
    ],
    "每轮的有效能耗": [
        828.00462,
        422.87136,
        0,
        300.30899999999997
    ],
    "每轮存活的sink数": [
        24,
        24,
        22,
        21
    ],
    "每轮存活的sink的平均能量": [
        65.4998075,
        43.0972175,
        43.01483916666666,
        27.877719999999997
    ],
    "每轮剩余总能量": [
        1571.99538,
        1034.33322,
        1032.3561399999999,
        669.0652799999999
    ],
    "每轮活跃的sink数": [
        24,
        21,
        0,
        15
    ],
    "每轮发送成功的数据": [
        72,
        54,
        0,
        33
    ],
    "每轮发送失败的数据": [
        0,
        9,
        0,
        9
    ],
    "每轮的丢包率": [
        0.0,
        0.14285714285714285,
        0.21428571428571427
    ],
    "所有节点的存活周期": [
        3,
        3,
        4
    ],
    "每轮聚类后的各簇间的能量标准差": [
        400.0,
        216.82934999999998,
        132.70083,
        161.83333000000002
    ]
}