{
    "每轮的总能耗": [
        179.99040000000002,
        185.23080000000007,
        156.33630000000002,
        204.89070000000007,
        170.95470000000003,
        166.35570000000004,
        117.04919999999998,
        102.13260000000001,
        95.85120000000002,
        70.51950000000001,
        70.4004,
        21.1548,
        72.70830000000001,
        58.4697,
        22.8081,
        52.104,
        44.8257,
        52.254,
        25.2558,
        3,
        6,
        31.2558,
        26.6859,
        26.6859,
        26.6859,
        26.6859,
        17.5452,
        20.5452,
        20.5452
    ],
    "每轮存活的sink数": [
        19,
        19,
        18,
        18,
        17,
        16,
        15,
        15,
        15,
        14,
        13,
        12,
        11,
        11,
        10,
        10,
        10,
        10,
        9,
        8,
        7,
        7,
        7,
        7,
        7,
        7,
        6,
        6,
        6
    ],
    "每轮存活的sink的平均能量": [
        89.01876842105264,
        78.30081052631577,
        71.45483333333331,
        57.54634999999999,
        48.6793,
        39.20494374999999,
        36.27029999999999,
        30.861979999999992,
        26.84021999999999,
        25.363021428571418,
        21.826761538461536,
        22.583124999999995,
        18.986690909090907,
        16.197863636363635,
        17.06797,
        14.955490000000001,
        13.57084,
        10.634140000000004,
        10.68743333333334,
        11.985025000000007,
        13.570814285714293,
        12.210614285714295,
        11.468285714285722,
        10.72595714285715,
        9.983628571428577,
        9.241300000000006,
        10.030150000000004,
        9.646750000000003,
        9.263350000000004
    ],
    "每轮活跃的sink数": [
        19,
        19,
        15,
        18,
        15,
        13,
        11,
        12,
        9,
        8,
        8,
        1,
        9,
        7,
        2,
        8,
        5,
        6,
        3,
        0,
        0,
        3,
        2,
        2,
        2,
        2,
        1,
        1,
        1
    ],
    "每轮发送成功的数据": [
        51,
        51,
        45,
        54,
        39,
        36,
        33,
        36,
        30,
        24,
        24,
        3,
        27,
        21,
        6,
        15,
        15,
        21,
        12,
        0,
        0,
        12,
        9,
        9,
        9,
        9,
        6,
        6,
        6
    ],
    "每轮发送失败的数据": [
        6,
        6,
        0,
        0,
        6,
        3,
        0,
        0,
        0,
        0,
        0,
        3,
        0,
        0,
        0,
        6,
        0,
        0,
        0,
        0,
        0,
        0,
        0,
        0,
        0,
        0,
        0,
        0,
        0
    ],
    "每轮的能效": [
        0.2833484452504133,
        0.2753321801773786,
        0.28784101964802794,
        0.2635551540406665,
        0.2281306100387997,
        0.21640376614687679,
        0.28193272572559236,
        0.3524829486373596,
        0.31298512694676744,
        0.3403313976985089,
        0.34090715393662535,
        0.14181178739576833,
        0.37134687511604586,
        0.3591603856356369,
        0.26306443763399845,
        0.2878857669276831,
        0.33462946479363403,
        0.40188310942702954,
        0.4751383840543558,
        0.0,
        0.0,
        0.3839287428253316,
        0.33725675356649015,
        0.33725675356649015,
        0.33725675356649015,
        0.33725675356649015,
        0.3419738731960878,
        0.2920390164125927,
        0.2920390164125927
    ],
    "所有节点的存活周期": [
        3,
        5,
        6,
        7,
        10,
        11,
        12,
        13,
        15,
        19,
        20,
        21,
        27
    ],
    "每轮聚类后的各簇间的能量标准差": [
        150.0,
        107.75370000000004,
        57.52770000000004,
        22.173699999999997,
        20.442049999999995,
        72.99055000000001,
        233.94794999999993,
        181.8237499999999,
        122.71914999999994,
        142.05754999999994,
        104.09984999999996,
        106.31344999999997,
        25.56275000000001,
        2.300200000000004,
        13.518950000000018,
        54.85645,
        65.53165000000003,
        29.278500000000022,
        34.44060000000003,
        40.43345000000004,
        31.034300000000048,
        30.592050000000047,
        35.07715000000004,
        30.893200000000036,
        28.29505000000004,
        25.69690000000003,
        23.09875000000003,
        20.84465000000003,
        19.694450000000025
    ]
}