{
    "每轮的总能耗": [
        434.7585000000001,
        415.1268000000001,
        344.36820000000006,
        163.25160000000005,
        201.43860000000006,
        26.7459,
        83.733,
        83.733,
        83.733,
        36.794399999999996,
        44.846399999999996,
        44.193599999999996,
        13.5324,
        57.963300000000004,
        10.5324,
        10.5324,
        25.048499999999997,
        25.048499999999997,
        16.0494,
        16.0494,
        16.0494,
        16.0494,
        16.0494,
        16.0494,
        16.0494,
        16.0494,
        16.0494,
        3,
        10.674000000000001
    ],
    "每轮存活的sink数": [
        19,
        19,
        19,
        17,
        17,
        15,
        14,
        13,
        13,
        12,
        11,
        10,
        8,
        8,
        7,
        6,
        5,
        5,
        4,
        4,
        4,
        4,
        4,
        4,
        4,
        4,
        4,
        3,
        3
    ],
    "每轮存活的sink的平均能量": [
        72.4172105263158,
        53.568431578947354,
        38.44378947368421,
        36.12297647058823,
        23.017176470588225,
        25.72129999999999,
        23.42547142857142,
        20.721469230769216,
        16.340384615384604,
        16.22324999999999,
        15.417345454545442,
        13.776009999999989,
        16.23272499999999,
        12.079112499999988,
        12.954614285714277,
        14.16714999999999,
        14.072019999999991,
        11.349039999999993,
        12.500124999999995,
        11.487774999999997,
        10.475424999999998,
        9.463074999999998,
        8.450724999999998,
        7.438374999999997,
        6.426024999999997,
        5.413674999999998,
        4.401324999999997,
        5.774300000000003,
        5.216300000000002
    ],
    "每轮活跃的sink数": [
        19,
        19,
        17,
        10,
        13,
        2,
        8,
        8,
        8,
        2,
        4,
        3,
        1,
        4,
        1,
        1,
        1,
        1,
        0,
        0,
        0,
        0,
        0,
        0,
        0,
        0,
        0,
        0,
        1
    ],
    "每轮发送成功的数据": [
        30,
        0,
        0,
        0,
        27,
        0,
        27,
        27,
        27,
        6,
        0,
        9,
        0,
        12,
        0,
        0,
        6,
        6,
        3,
        3,
        3,
        3,
        3,
        3,
        3,
        3,
        3,
        0,
        0
    ],
    "每轮发送失败的数据": [
        24,
        51,
        45,
        27,
        9,
        6,
        0,
        0,
        0,
        3,
        12,
        0,
        3,
        3,
        3,
        3,
        0,
        0,
        0,
        0,
        0,
        0,
        0,
        0,
        0,
        0,
        0,
        0,
        3
    ],
    "每轮的能效": [
        0.06900382626216622,
        0.0,
        0.0,
        0.0,
        0.13403587991576585,
        0.0,
        0.32245351295188274,
        0.32245351295188274,
        0.32245351295188274,
        0.1630682930011089,
        0.0,
        0.2036493971977843,
        0.0,
        0.2070275501912417,
        0.0,
        0.0,
        0.2395353015150608,
        0.2395353015150608,
        0.18692287562151857,
        0.18692287562151857,
        0.18692287562151857,
        0.18692287562151857,
        0.18692287562151857,
        0.18692287562151857,
        0.18692287562151857,
        0.18692287562151857,
        0.18692287562151857,
        0.0,
        0.0
    ],
    "所有节点的存活周期": [
        4,
        4,
        6,
        6,
        7,
        8,
        10,
        11,
        12,
        13,
        13,
        15,
        16,
        17,
        19,
        28
    ],
    "每轮聚类后的各簇间的能量标准差": [
        150.0,
        142.44269999999995,
        133.50029999999992,
        124.91519999999997,
        139.3779,
        75.99569999999999,
        75.86025,
        67.4449,
        58.67225000000002,
        50.71130000000001,
        42.389799999999994,
        53.692099999999996,
        39.28104999999998,
        47.06779999999995,
        34.985749999999946,
        36.542849999999966,
        38.23554999999997,
        31.94204999999996,
        25.13459999999996,
        21.76224999999997,
        19.73754999999997,
        17.712849999999968,
        15.68814999999997,
        13.66344999999997,
        11.638749999999973,
        9.614049999999972,
        7.589349999999971,
        5.564649999999971,
        5.423449999999981
    ]
}