{
    "每轮的总能耗": [
        828.0046199999991,
        537.6621599999997,
        0,
        363.1431,
        134.49756000000005,
        128.27472,
        148.21344000000002,
        57.532439999999994,
        28.149120000000003,
        0,
        30.1716,
        0,
        10.260720000000001,
        29.1681,
        29.025599999999997,
        6.1275,
        5.1747,
        12.127500000000001,
        6.1275,
        11.302200000000001,
        3.15
    ],
    "每轮的有效能耗": [
        828.00462,
        422.87136,
        0,
        300.30899999999997,
        77.77416000000001,
        122.27472,
        61.736639999999994,
        45.53244,
        7.46142,
        0,
        0,
        0,
        10.26072,
        26.018100000000004,
        17.025599999999997,
        6.1275,
        5.1747,
        6.1275,
        6.1275,
        11.3022,
        0
    ],
    "每轮存活的sink数": [
        24,
        24,
        22,
        21,
        20,
        18,
        17,
        16,
        15,
        13,
        12,
        10,
        9,
        7,
        6,
        5,
        4,
        3,
        2,
        2,
        1
    ],
    "每轮存活的sink的平均能量": [
        65.4998075,
        43.0972175,
        43.01483916666666,
        27.877719999999997,
        22.228675833333337,
        16.770175000000005,
        10.593178333333336,
        8.129014166666668,
        6.909005000000001,
        6.890111666666669,
        5.550287500000002,
        5.428829166666669,
        4.878795000000001,
        3.5304366666666684,
        2.2809125000000026,
        1.9387708333333356,
        1.6164791666666687,
        1.068062500000002,
        0.765620833333335,
        0.294695833333335,
        0.06456666666666716
    ],
    "每轮活跃的sink数": [
        24,
        21,
        0,
        15,
        10,
        3,
        9,
        3,
        5,
        0,
        2,
        0,
        2,
        3,
        2,
        0,
        0,
        0,
        0,
        0,
        0
    ],
    "每轮发送成功的数据": [
        72,
        54,
        0,
        33,
        21,
        9,
        12,
        12,
        3,
        0,
        0,
        0,
        6,
        9,
        6,
        3,
        3,
        3,
        3,
        6,
        0
    ],
    "每轮发送失败的数据": [
        0,
        9,
        0,
        9,
        9,
        0,
        12,
        0,
        12,
        0,
        6,
        0,
        0,
        3,
        0,
        0,
        0,
        0,
        0,
        0,
        3
    ],
    "每轮的丢包率": [
        0.0,
        0.14285714285714285,
        0.21428571428571427,
        0.3,
        0.0,
        0.5,
        0.0,
        0.8,
        1.0,
        0.0,
        0.25,
        0.0,
        0.0,
        0.0,
        0.0,
        0.0,
        0.0,
        1.0
    ],
    "所有节点的存活周期": [
        3,
        3,
        4,
        5,
        6,
        6,
        7,
        8,
        9,
        10,
        10,
        11,
        12,
        12,
        13,
        14,
        14,
        15,
        16,
        17,
        18,
        19,
        21,
        22
    ],
    "每轮聚类后的各簇间的能量标准差": [
        400.0,
        216.82934999999998,
        132.70083,
        161.83333000000002,
        50.73555999999999,
        76.91979,
        24.476219999999984,
        8.929439999999985,
        74.29402999999999,
        76.38221999999999,
        22.009240000000016,
        19.143850000000015,
        49.28385000000002,
        52.944160000000025,
        41.40226000000002,
        0.48785000000000167,
        5.216250000000013,
        18.363250000000026,
        1.8113500000000053,
        0.6868499999999917,
        1.163249999999992,
        0.0
    ]
}