{
    "每轮的总能耗": [
        155.60580000000004,
        181.65120000000007,
        137.10120000000003,
        205.27050000000008,
        162.26130000000006,
        96.31260000000003,
        140.25870000000003,
        126.11670000000002,
        74.9628,
        129.07170000000002,
        67.93679999999999,
        98.24640000000001,
        40.359,
        52.7088,
        52.7088,
        42.76259999999999,
        35.8257,
        48.041399999999996,
        38.8257,
        41.8257,
        34.255799999999994,
        12,
        26.6859,
        26.6859,
        26.6859,
        26.6859,
        26.6859,
        26.6859,
        26.6859
    ],
    "每轮存活的sink数": [
        19,
        19,
        19,
        19,
        18,
        17,
        17,
        17,
        16,
        16,
        15,
        15,
        14,
        13,
        12,
        11,
        10,
        10,
        9,
        9,
        8,
        7,
        7,
        7,
        7,
        7,
        7,
        7,
        7
    ],
    "每轮存活的sink的平均能量": [
        89.57537894736842,
        78.75747368421051,
        70.71682631578948,
        58.930915789473694,
        50.52998333333332,
        48.715494117647054,
        39.14000588235293,
        32.62349411764704,
        30.371406249999993,
        24.296199999999985,
        22.792579999999987,
        17.46777999999999,
        16.841692857142842,
        16.688661538461524,
        16.28662499999999,
        15.900918181818174,
        15.993639999999994,
        13.429899999999995,
        13.272099999999998,
        11.733600000000001,
        12.003775000000005,
        13.569871428571435,
        12.827542857142864,
        12.085214285714292,
        11.34288571428572,
        10.60055714285715,
        9.858228571428578,
        9.115900000000005,
        8.373571428571433
    ],
    "每轮活跃的sink数": [
        19,
        19,
        18,
        18,
        15,
        8,
        15,
        13,
        11,
        12,
        7,
        13,
        5,
        5,
        5,
        6,
        5,
        5,
        5,
        5,
        4,
        0,
        3,
        3,
        3,
        3,
        3,
        3,
        3
    ],
    "每轮发送成功的数据": [
        57,
        54,
        54,
        48,
        48,
        27,
        45,
        39,
        33,
        39,
        21,
        30,
        12,
        18,
        18,
        15,
        15,
        18,
        15,
        15,
        12,
        0,
        9,
        9,
        9,
        9,
        9,
        9,
        9
    ],
    "每轮发送失败的数据": [
        0,
        3,
        0,
        6,
        0,
        0,
        0,
        0,
        0,
        0,
        3,
        6,
        3,
        0,
        0,
        3,
        0,
        0,
        0,
        0,
        0,
        0,
        0,
        0,
        0,
        0,
        0,
        0,
        0
    ],
    "每轮的能效": [
        0.3663102532167823,
        0.2972730155374695,
        0.3938696379025128,
        0.23383778964829324,
        0.29581915096205924,
        0.28033715214831695,
        0.32083571286487034,
        0.3092373967920188,
        0.4402183483007572,
        0.3021576379640153,
        0.3091108206450702,
        0.3053547000195427,
        0.29733145023414853,
        0.34149895273654496,
        0.34149895273654496,
        0.3507738070182824,
        0.41869384268834947,
        0.37467684122444395,
        0.38634203633160513,
        0.35863117652543774,
        0.3503056416723592,
        0.0,
        0.33725675356649015,
        0.33725675356649015,
        0.33725675356649015,
        0.33725675356649015,
        0.33725675356649015,
        0.33725675356649015,
        0.33725675356649015
    ],
    "所有节点的存活周期": [
        5,
        6,
        9,
        11,
        13,
        14,
        15,
        16,
        17,
        19,
        21,
        22
    ],
    "每轮聚类后的各簇间的能量标准差": [
        249.44382578492943,
        236.2817757001772,
        48.41144026035811,
        162.48734756635324,
        56.44280736564717,
        107.0969056834043,
        76.94102082371636,
        96.19668749176805,
        97.82472673212817,
        135.469007209308,
        90.77096775163783,
        77.54444705410351,
        66.57931003132028,
        78.16258305550603,
        72.57572725479378,
        67.52549750343691,
        62.37217524555497,
        56.094177474572945,
        47.380438197940805,
        41.081117403579306,
        34.555921560951994,
        30.045534770448395,
        32.1549893771126,
        29.705818134762044,
        27.256716638452446,
        24.807705544895192,
        22.35881456015852,
        19.910088003544583,
        17.461595050917403
    ]
}