{
    "每轮的总能耗": [
        592.8946199999992,
        532.8682199999996,
        410.00634,
        58.5183,
        173.75736000000015,
        27.94752,
        164.67402000000013,
        47.473319999999994,
        83.30172,
        36.11208,
        41.732279999999996,
        46.27175999999999,
        66.9846,
        9.5157,
        27.419999999999998,
        8.06268,
        30.96474,
        8.06268,
        3.15
    ],
    "每轮的有效能耗": [
        592.8946200000001,
        532.86822,
        267.18684,
        31.324200000000005,
        167.75736,
        27.947519999999997,
        66.83502,
        27.947519999999997,
        27.947519999999997,
        28.19148,
        38.73228,
        46.27176,
        57.9846,
        9.515699999999999,
        21.42,
        4.91268,
        27.96474,
        4.91268,
        0
    ],
    "每轮存活的sink数": [
        24,
        24,
        22,
        20,
        19,
        17,
        17,
        15,
        14,
        12,
        10,
        9,
        9,
        8,
        7,
        6,
        4,
        2,
        1
    ],
    "每轮存活的sink的平均能量": [
        75.2960575,
        53.09321500000001,
        35.97223666666667,
        33.32987833333333,
        26.081334166666668,
        24.720533333333336,
        17.859115833333334,
        15.847164999999999,
        12.353005833333336,
        10.724342500000004,
        8.936204166666666,
        7.002659999999999,
        4.211635,
        3.7115758333333333,
        2.544609166666667,
        2.1047975000000005,
        0.6744366666666672,
        0.21667333333333316,
        0.06266916666666683
    ],
    "每轮活跃的sink数": [
        24,
        24,
        22,
        7,
        14,
        3,
        14,
        5,
        8,
        5,
        4,
        6,
        4,
        0,
        2,
        0,
        2,
        0,
        0
    ],
    "每轮发送成功的数据": [
        72,
        72,
        30,
        6,
        42,
        9,
        18,
        9,
        9,
        12,
        15,
        18,
        18,
        6,
        12,
        3,
        9,
        3,
        0
    ],
    "每轮发送失败的数据": [
        0,
        0,
        30,
        12,
        0,
        0,
        24,
        6,
        15,
        3,
        0,
        0,
        0,
        0,
        0,
        3,
        0,
        3,
        3
    ],
    "每轮的丢包率": [
        0.0,
        0.0,
        0.5,
        0.6666666666666666,
        0.0,
        0.0,
        0.5714285714285714,
        0.4,
        0.625,
        0.2,
        0.0,
        0.0,
        0.0,
        0.0,
        0.0,
        0.5,
        0.0,
        0.5,
        1.0
    ],
    "所有节点的存活周期": [
        3,
        3,
        4,
        4,
        5,
        6,
        6,
        8,
        8,
        9,
        10,
        10,
        11,
        11,
        12,
        14,
        15,
        16,
        17,
        17,
        18,
        18,
        19,
        20
    ],
    "每轮聚类后的各簇间的能量标准差": [
        216.02468994692867,
        323.6420226747707,
        216.0357242714695,
        107.65871771387006,
        120.7000587017812,
        46.63689413275673,
        49.98678889165907,
        32.376526648407236,
        25.449087084614014,
        40.37919209433271,
        38.368318108484594,
        24.125308612433454,
        42.82115424425645,
        18.614034471677567,
        19.581599386753105,
        13.554642527983642,
        13.906167555987539,
        3.2919933032063677,
        2.053980000000006,
        0.0
    ]
}