{
    "每轮的总能耗": [
        592.8946199999992,
        532.8682199999996,
        410.00634,
        58.5183
    ],
    "每轮的有效能耗": [
        592.8946200000001,
        532.86822,
        267.18684,
        31.324200000000005
    ],
    "每轮存活的sink数": [
        24,
        24,
        22,
        20
    ],
    "每轮存活的sink的平均能量": [
        75.2960575,
        53.09321500000001,
        35.97223666666667,
        33.32987833333333
    ],
    "每轮剩余总能量": [
        1807.10538,
        1274.2371600000001,
        863.3336800000001,
        799.91708
    ],
    "每轮活跃的sink数": [
        24,
        24,
        22,
        7
    ],
    "每轮发送成功的数据": [
        72,
        72,
        30,
        6
    ],
    "每轮发送失败的数据": [
        0,
        0,
        30,
        12
    ],
    "每轮的丢包率": [
        0.0,
        0.0,
        0.5,
        0.6666666666666666
    ],
    "所有节点的存活周期": [
        3,
        3,
        4,
        4
    ],
    "每轮聚类后的各簇间的能量标准差": [
        216.02468994692867,
        323.6420226747707,
        216.0357242714695,
        107.65871771387006
    ]
}