{
    "每轮的总能耗": [
        264.07500000000005,
        377.15160000000014,
        276.5562000000001,
        306.79440000000005,
        193.97760000000005,
        35.6334,
        68.2584,
        134.00730000000001,
        64.6686,
        105.80310000000001,
        64.6686,
        78.4392,
        52.8336,
        9,
        42.5019,
        51.844199999999994,
        9,
        51.8442,
        15,
        15.238199999999999,
        15.238199999999999,
        15.238199999999999,
        15.238199999999999,
        15.238199999999999,
        15.238199999999999,
        15.238199999999999,
        15.238199999999999,
        15.238199999999999,
        15.238199999999999
    ],
    "每轮存活的sink数": [
        19,
        19,
        19,
        19,
        18,
        16,
        15,
        15,
        14,
        13,
        12,
        12,
        11,
        9,
        8,
        7,
        6,
        6,
        5,
        5,
        5,
        5,
        5,
        5,
        5,
        5,
        5,
        5,
        5
    ],
    "每轮存活的sink的平均能量": [
        82.28544210526316,
        62.579389473684195,
        51.088221052631575,
        36.501147368421044,
        30.656233333333326,
        33.153474999999986,
        31.937739999999987,
        24.194919999999986,
        23.154678571428565,
        19.238176923076917,
        17.551024999999992,
        14.014424999999994,
        12.966809090909083,
        15.217733333333323,
        14.125899999999993,
        11.030757142857135,
        12.512999999999991,
        6.872299999999992,
        7.906179999999992,
        7.858539999999991,
        7.810899999999991,
        7.763259999999991,
        7.71561999999999,
        7.66797999999999,
        7.62033999999999,
        7.57269999999999,
        7.525059999999989,
        7.47741999999999,
        7.429779999999989
    ],
    "每轮活跃的sink数": [
        18,
        17,
        18,
        15,
        14,
        1,
        4,
        8,
        6,
        5,
        6,
        8,
        5,
        0,
        4,
        3,
        0,
        3,
        0,
        0,
        0,
        0,
        0,
        0,
        0,
        0,
        0,
        0,
        0
    ],
    "每轮发送成功的数据": [
        42,
        27,
        18,
        18,
        18,
        0,
        6,
        12,
        12,
        0,
        12,
        0,
        9,
        0,
        3,
        0,
        0,
        0,
        0,
        3,
        3,
        3,
        3,
        3,
        3,
        3,
        3,
        3,
        3
    ],
    "每轮发送失败的数据": [
        12,
        27,
        33,
        27,
        24,
        3,
        6,
        12,
        9,
        15,
        9,
        18,
        9,
        0,
        9,
        9,
        0,
        9,
        0,
        0,
        0,
        0,
        0,
        0,
        0,
        0,
        0,
        0,
        0
    ],
    "每轮的能效": [
        0.15904572564612324,
        0.07158924952194287,
        0.06508622840493178,
        0.05867121433768021,
        0.09279421953875085,
        0.0,
        0.08790126929432862,
        0.08954736047961566,
        0.18556146259544817,
        0.0,
        0.18556146259544817,
        0.0,
        0.17034614336331427,
        0.0,
        0.07058507972584756,
        0.0,
        0.0,
        0.0,
        0.0,
        0.19687364649368036,
        0.19687364649368036,
        0.19687364649368036,
        0.19687364649368036,
        0.19687364649368036,
        0.19687364649368036,
        0.19687364649368036,
        0.19687364649368036,
        0.19687364649368036,
        0.19687364649368036
    ],
    "所有节点的存活周期": [
        5,
        6,
        6,
        7,
        9,
        10,
        11,
        13,
        14,
        14,
        15,
        16,
        17,
        19
    ],
    "每轮聚类后的各簇间的能量标准差": [
        249.44382578492943,
        222.13537839804403,
        49.53657220285729,
        140.65662948344172,
        67.00262229004345,
        87.65085014852963,
        137.15777916830754,
        86.89480187609995,
        75.88308456184421,
        76.9705755495494,
        55.44074893375409,
        33.489640394605615,
        44.402905767978744,
        46.26212659359944,
        32.34846716780667,
        39.062529568998585,
        22.662455135654547,
        23.978940762260535,
        14.649270386609693,
        7.378709789808927,
        7.39874767976911,
        7.420430832206136,
        7.443744869500977,
        7.468674518874736,
        7.495203659378139,
        7.523315370381739,
        7.552991981254102,
        7.584215121919699,
        7.616965773995713
    ]
}