{
    "每轮的总能耗": [
        374.88738,
        515.5682999999997,
        390.45276,
        239.0613000000002
    ],
    "每轮的有效能耗": [
        374.88737999999995,
        515.5682999999999,
        221.76695999999998,
        233.06130000000002
    ],
    "每轮存活的sink数": [
        24,
        24,
        22,
        22
    ],
    "每轮存活的sink的平均能量": [
        84.37969250000002,
        62.89767999999999,
        46.60363916666666,
        36.64275166666667
    ],
    "每轮剩余总能量": [
        2025.1126200000006,
        1509.5443199999997,
        1118.48734,
        879.4260400000001
    ],
    "每轮活跃的sink数": [
        24,
        23,
        20,
        19
    ],
    "每轮发送成功的数据": [
        72,
        72,
        27,
        60
    ],
    "每轮发送失败的数据": [
        0,
        0,
        30,
        0
    ],
    "每轮的丢包率": [
        0.0,
        0.0,
        0.5263157894736842,
        0.0
    ],
    "所有节点的存活周期": [
        3,
        3
    ],
    "每轮聚类后的各簇间的能量标准差": [
        234.5207879911715,
        375.5000268462934,
        259.8133798723372,
        185.5668246800954
    ]
}