{
    "每轮的总能耗": [
        146.86740000000003,
        140.91240000000005,
        166.83870000000005,
        142.5423,
        129.73290000000003,
        145.21500000000003,
        120.10920000000002,
        145.32750000000001,
        79.9059,
        98.06909999999999,
        72.9615,
        73.56359999999998,
        49.23899999999999,
        52.3065,
        47.45249999999999,
        28.353299999999997,
        39.8826,
        38.052,
        31.255799999999997,
        31.353299999999997,
        33.2589,
        31.353299999999997,
        33.2589,
        17.5452,
        26.999099999999995,
        26.685900000000004,
        26.6859,
        12,
        20.5452
    ],
    "每轮存活的sink数": [
        19,
        19,
        19,
        19,
        18,
        18,
        18,
        18,
        16,
        15,
        14,
        14,
        12,
        11,
        10,
        9,
        9,
        9,
        8,
        8,
        8,
        8,
        8,
        7,
        7,
        7,
        7,
        6,
        6
    ],
    "每轮存活的sink的平均能量": [
        91.02535789473684,
        81.71222105263158,
        71.20344210526315,
        59.99259999999999,
        54.29486666666666,
        43.05216666666665,
        37.312449999999984,
        29.636499999999995,
        29.782112499999993,
        25.90579999999999,
        23.674192857142852,
        20.962621428571413,
        21.848674999999982,
        20.625427272727254,
        20.758539999999982,
        21.67896666666665,
        20.329166666666648,
        18.679166666666646,
        19.71028749999998,
        18.45036249999998,
        16.71403749999998,
        15.454112499999981,
        13.71778749999998,
        15.251157142857126,
        14.429114285714268,
        13.6867857142857,
        12.94445714285713,
        14.919899999999982,
        14.536499999999982
    ],
    "每轮活跃的sink数": [
        18,
        18,
        19,
        18,
        14,
        15,
        15,
        15,
        10,
        9,
        10,
        10,
        6,
        5,
        6,
        4,
        5,
        4,
        4,
        4,
        3,
        4,
        3,
        2,
        2,
        3,
        3,
        0,
        2
    ],
    "每轮发送成功的数据": [
        57,
        57,
        54,
        51,
        45,
        48,
        45,
        51,
        30,
        36,
        30,
        21,
        15,
        21,
        15,
        12,
        12,
        12,
        12,
        12,
        12,
        12,
        12,
        6,
        9,
        9,
        9,
        0,
        6
    ],
    "每轮发送失败的数据": [
        0,
        0,
        3,
        3,
        0,
        3,
        0,
        0,
        3,
        0,
        0,
        9,
        3,
        0,
        3,
        0,
        3,
        3,
        0,
        0,
        0,
        0,
        0,
        0,
        0,
        0,
        0,
        0,
        0
    ],
    "每轮的能效": [
        0.38810518876210776,
        0.4045066296507616,
        0.3236659120455865,
        0.357788530141579,
        0.3468665234493331,
        0.33054436525152353,
        0.37465906025516776,
        0.3509315167466584,
        0.37544161319752356,
        0.36708810420407656,
        0.4111757570773627,
        0.2854672691385414,
        0.30463656857369165,
        0.40147973961171174,
        0.31610557926347405,
        0.42323115827787244,
        0.3008830918746521,
        0.315357931251971,
        0.3839287428253316,
        0.3827348317401996,
        0.3608056790813888,
        0.3827348317401996,
        0.3608056790813888,
        0.3419738731960878,
        0.3333444448148272,
        0.3372567535664901,
        0.33725675356649015,
        0.0,
        0.2920390164125927
    ],
    "所有节点的存活周期": [
        5,
        9,
        9,
        10,
        11,
        13,
        13,
        14,
        15,
        16,
        19,
        24,
        28
    ],
    "每轮聚类后的各簇间的能量标准差": [
        216.50635094610965,
        155.55785958603153,
        246.25215641324343,
        103.79463606202151,
        160.0409506189353,
        79.8731771756326,
        107.17055717953738,
        76.2618270446091,
        113.95427024173989,
        73.29867542733973,
        96.83987300860369,
        94.11167145076566,
        91.99742150550667,
        55.56825923287387,
        77.93719420249143,
        42.56925341073642,
        67.38018141224364,
        38.6844469760377,
        58.67390694249758,
        31.831010684344776,
        32.75511020866624,
        29.160050793026258,
        31.374804354399906,
        28.526310757910355,
        30.798946288174722,
        30.183576869756468,
        27.942884146538507,
        25.703828729101794,
        25.233627440233363
    ]
}