{
    "每轮的总能耗": [
        288.5214,
        158.58330000000004,
        257.8509,
        157.95030000000003,
        220.65600000000003,
        117.16650000000003,
        111.80130000000001,
        62.0202,
        79.6461,
        101.52960000000002,
        69.0171,
        55.887,
        40.8879,
        53.3634,
        50.5734,
        53.3634,
        51.614399999999996,
        15.453899999999999,
        40.7397,
        25.2942,
        28.1967,
        28.1967,
        28.1967,
        18.6921,
        27.5721,
        28.644,
        27.5721,
        16.0494,
        12.238199999999999
    ],
    "每轮存活的sink数": [
        19,
        19,
        19,
        19,
        18,
        17,
        15,
        14,
        13,
        13,
        12,
        11,
        10,
        10,
        10,
        10,
        10,
        7,
        7,
        7,
        7,
        7,
        7,
        6,
        6,
        6,
        6,
        5,
        4
    ],
    "每轮存活的sink的平均能量": [
        79.46964210526315,
        71.99536315789472,
        59.915310526315785,
        52.76234736842105,
        44.702449999999985,
        41.713388235294104,
        41.0155,
        40.94041428571427,
        40.86633076923076,
        31.670523076923068,
        29.232899999999997,
        28.36414545454544,
        28.695699999999988,
        25.49190999999999,
        23.05476999999999,
        19.850979999999986,
        17.499639999999992,
        24.285485714285702,
        20.616699999999987,
        20.003242857142848,
        18.55072857142856,
        17.098214285714274,
        15.645699999999989,
        17.17844999999998,
        15.62389999999998,
        13.35474999999998,
        11.80019999999998,
        13.308879999999968,
        16.55777499999997
    ],
    "每轮活跃的sink数": [
        17,
        16,
        17,
        16,
        15,
        14,
        9,
        6,
        7,
        9,
        8,
        5,
        3,
        4,
        2,
        4,
        4,
        0,
        2,
        1,
        2,
        2,
        2,
        0,
        1,
        1,
        1,
        0,
        0
    ],
    "每轮发送成功的数据": [
        48,
        39,
        21,
        36,
        21,
        24,
        18,
        24,
        15,
        21,
        24,
        15,
        15,
        15,
        15,
        15,
        9,
        3,
        9,
        6,
        6,
        6,
        6,
        6,
        9,
        9,
        9,
        3,
        3
    ],
    "每轮发送失败的数据": [
        6,
        12,
        30,
        15,
        24,
        18,
        12,
        0,
        9,
        9,
        0,
        6,
        3,
        3,
        0,
        3,
        9,
        0,
        0,
        3,
        3,
        3,
        3,
        0,
        0,
        0,
        0,
        0,
        0
    ],
    "每轮的能效": [
        0.1663654758364544,
        0.24592753461430045,
        0.08144241497702741,
        0.22791979502413096,
        0.09517076354144005,
        0.20483670673784737,
        0.16099991681670964,
        0.38697069664399664,
        0.1883331387224233,
        0.2068362329803328,
        0.3477399079358594,
        0.2683987331579795,
        0.36685669843645674,
        0.28109153464734254,
        0.29659860717294073,
        0.28109153464734254,
        0.17436994327164512,
        0.19412575466387127,
        0.2209147342763938,
        0.23720853001873948,
        0.21279085850471863,
        0.21279085850471863,
        0.21279085850471863,
        0.3209912208901087,
        0.32641692145320816,
        0.31420192710515293,
        0.32641692145320816,
        0.18692287562151857,
        0.24513408834632547
    ],
    "所有节点的存活周期": [
        5,
        6,
        7,
        7,
        8,
        9,
        11,
        12,
        13,
        18,
        18,
        18,
        24,
        28,
        29
    ],
    "每轮聚类后的各簇间的能量标准差": [
        216.50635094610965,
        164.00806848780337,
        249.59417254916409,
        108.07218215786094,
        189.9116459565013,
        90.58470148834115,
        131.10823453974962,
        109.80506293539874,
        85.85192893297446,
        119.68334691366577,
        100.47846887171897,
        44.05475003072881,
        29.68828550413445,
        58.332327895451755,
        46.525292026991856,
        46.013301887137736,
        40.27874674505773,
        36.7324180417652,
        62.70772820410573,
        24.265359782658777,
        37.18384303466861,
        33.1400856332912,
        29.41546665288303,
        19.183542943155043,
        25.313469414263867,
        22.230368321566317,
        21.78015199182211,
        17.495996552497363,
        18.757380476628366
    ]
}