{
    "每轮的总能耗": [
        374.88738,
        515.5682999999997,
        390.45276,
        239.0613000000002,
        73.91843999999999,
        195.43098000000015,
        64.59114,
        18.517020000000002,
        147.50814000000003,
        49.33967999999999,
        41.64366,
        21.65112,
        29.73186,
        45.99167999999999,
        32.31108,
        37.755660000000006,
        28.54662,
        39.85098,
        10.20516,
        10.35516,
        7.20516
    ],
    "每轮的有效能耗": [
        374.88737999999995,
        515.5682999999999,
        221.76695999999998,
        233.06130000000002,
        67.91844,
        183.43098000000003,
        55.591139999999996,
        12.51702,
        71.96784000000001,
        18.72918,
        26.493659999999995,
        18.65112,
        19.82406,
        45.99168,
        21.93258,
        37.755660000000006,
        25.54662,
        33.55098,
        7.205159999999999,
        7.205159999999999,
        7.205159999999999
    ],
    "每轮存活的sink数": [
        24,
        24,
        22,
        22,
        21,
        21,
        20,
        17,
        16,
        13,
        12,
        10,
        9,
        8,
        8,
        6,
        6,
        6,
        3,
        3,
        2
    ],
    "每轮存活的sink的平均能量": [
        84.37969250000002,
        62.89767999999999,
        46.60363916666666,
        36.64275166666667,
        33.5038875,
        25.36093,
        22.59675333333333,
        21.766815833333336,
        15.571989166666668,
        13.335414166666666,
        11.498545000000002,
        10.49800416666667,
        9.23709,
        7.315568333333336,
        5.969273333333337,
        4.360832500000002,
        3.1713900000000024,
        1.510932500000002,
        0.9327475000000017,
        0.5012825000000016,
        0.17758083333333405
    ],
    "每轮活跃的sink数": [
        24,
        23,
        20,
        19,
        7,
        16,
        6,
        0,
        13,
        6,
        2,
        2,
        3,
        7,
        6,
        5,
        2,
        3,
        0,
        0,
        0
    ],
    "每轮发送成功的数据": [
        72,
        72,
        27,
        60,
        24,
        51,
        21,
        6,
        24,
        9,
        12,
        9,
        12,
        21,
        15,
        15,
        15,
        12,
        6,
        6,
        6
    ],
    "每轮发送失败的数据": [
        0,
        0,
        30,
        0,
        0,
        0,
        0,
        0,
        15,
        12,
        3,
        0,
        3,
        0,
        6,
        0,
        0,
        6,
        0,
        3,
        0
    ],
    "每轮的丢包率": [
        0.0,
        0.0,
        0.5263157894736842,
        0.0,
        0.0,
        0.0,
        0.0,
        0.0,
        0.38461538461538464,
        0.5714285714285714,
        0.2,
        0.0,
        0.2,
        0.0,
        0.2857142857142857,
        0.0,
        0.0,
        0.3333333333333333,
        0.0,
        0.3333333333333333,
        0.0
    ],
    "所有节点的存活周期": [
        3,
        3,
        5,
        7,
        8,
        8,
        8,
        9,
        10,
        10,
        10,
        11,
        12,
        12,
        13,
        14,
        16,
        16,
        19,
        19,
        19,
        21,
        22,
        22
    ],
    "每轮聚类后的各簇间的能量标准差": [
        234.5207879911715,
        375.5000268462934,
        259.8133798723372,
        185.5668246800954,
        132.02189459881308,
        136.4392289062214,
        94.214002017992,
        98.6181186979563,
        83.31761939708838,
        54.82642426852836,
        100.82153493729044,
        82.80845484328461,
        51.741420402596965,
        37.674774114462856,
        20.916020175743277,
        39.60338823816467,
        18.428336667694,
        21.982084084158178,
        8.489244534826122,
        2.6554205959885078,
        2.4530316881768903,
        0.48477000000000525
    ]
}