{
    "每轮的总能耗": [
        366.49613999999985,
        455.3447399999997,
        274.3749000000001,
        216.19986000000014
    ],
    "每轮的有效能耗": [
        366.49613999999997,
        455.34473999999994,
        251.75999999999996,
        210.19985999999997
    ],
    "每轮存活的sink数": [
        24,
        24,
        23,
        23
    ],
    "每轮存活的sink的平均能量": [
        84.7293275,
        65.75662999999999,
        54.25156083333332,
        45.243233333333336
    ],
    "每轮剩余总能量": [
        2033.5038599999998,
        1578.1591199999998,
        1302.0374599999998,
        1085.8376
    ],
    "每轮活跃的sink数": [
        23,
        23,
        21,
        20
    ],
    "每轮发送成功的数据": [
        72,
        72,
        60,
        63
    ],
    "每轮发送失败的数据": [
        0,
        0,
        3,
        0
    ],
    "每轮的丢包率": [
        0.0,
        0.0,
        0.047619047619047616,
        0.0
    ],
    "所有节点的存活周期": [
        3
    ],
    "每轮聚类后的各簇间的能量标准差": [
        248.19347291981714,
        244.87958800364837,
        162.1505487563132,
        131.16435864511644
    ]
}